accession,status,name,tailoring,cofactors_organic,cofactors_inorganic,description,reaction_description,organism,domain,kingdom,phylum,class,order,family
MITE0000001,active,AviG2,Methylation,SAM,FeS,O-methyltransferase,AviG2 is responsible for methylation of the hydroxyl group at position 6 of the D-mannose moiety,Streptomyces viridochromogenes Tue57,Bacteria,Bacillati,Actinomycetota,Actinomycetes,Kitasatosporales,Streptomycetaceae
MITE0000002,active,AviG4,Methylation,SAM,FeS,O-methyltransferase,O-methyltransferase and is responsible for methylation of the phenolic hydroxyl group in the dichloroisoeverninic acid moiety ,Streptomyces viridochromogenes Tue57,Bacteria,Bacillati,Actinomycetota,Actinomycetes,Kitasatosporales,Streptomycetaceae
MITE0000003,active,AviG6,Methylation,SAM,FeS,O-methyltransferase,AviG6 for methylation of the hydroxyl group at position 2 of the D-mannose moiety.,Streptomyces viridochromogenes Tue57,Bacteria,Bacillati,Actinomycetota,Actinomycetes,Kitasatosporales,Streptomycetaceae
MITE0000004,active,AviG5,Methylation,SAM,FeS,O-methyltransferase,methylation of the hydroxyl group at position 4 of the D-fucose moiety,Streptomyces viridochromogenes Tue57,Bacteria,Bacillati,Actinomycetota,Actinomycetes,Kitasatosporales,Streptomycetaceae
MITE0000005,active,CalO3,Halogenation,Flavin mononucleotide,N/A,Flavin-dependent halogenase,"Iodination of orsellenic acid derivate, assumed to be bound to coenzyme A co-factor",Micromonospora echinospora,Bacteria,Bacillati,Actinomycetota,Actinomycetes,Micromonosporales,Micromonosporaceae
MITE0000006,active,CalO6,Methylation,SAM,FeS,O-methyltransferase,"O-methylation of orsellenic acid, assumed to be bound to coenzyme A cofactor",Micromonospora echinospora,Bacteria,Bacillati,Actinomycetota,Actinomycetes,Micromonosporales,Micromonosporaceae
MITE0000007,active,CalO1,Methylation,SAM,FeS,O-methyltransferase,"O-methylation of iodinated orsellenic acid derivate, assumed to be bound to 4'-phosphopantetheine co-factor",Micromonospora echinospora,Bacteria,Bacillati,Actinomycetota,Actinomycetes,Micromonosporales,Micromonosporaceae
MITE0000008,active,CalO2,Hydroxylation,Heme,Fe,Cytochrome P450,"Hydroxylation of iodinated orsellenic acid derivate, assumed to be bound to coenzyme A",Micromonospora echinospora,Bacteria,Bacillati,Actinomycetota,Actinomycetes,Micromonosporales,Micromonosporaceae
MITE0000009,active,MeiD,Methylation,SAM,FeS,O-methyltransferase,No description,Streptomyces nanchangensis,Bacteria,Bacillati,Actinomycetota,Actinomycetes,Kitasatosporales,Streptomycetaceae
MITE0000010,active,MeiE,Heterocyclization|Hydroxylation,Heme,Fe,Cytochrome P450,No description,Streptomyces nanchangensis,Bacteria,Bacillati,Actinomycetota,Actinomycetes,Kitasatosporales,Streptomycetaceae
MITE0000011,active,MpaG,Methylation,SAM,FeS,O-methyltransferase,Catalyzes the O-methylation of demethylmycophenolic acid into mycophenolic acid,Penicillium brevicompactum,Eukaryota,Fungi,Dikarya,Ascomycota,Pezizomycotina,Eurotiomycetes
MITE0000012,active,GrhO5,Monooxygenation,FAD,N/A,Flavoprotein monooxygenase,No description,Streptomyces sp. JP95,Bacteria,Bacillati,Actinomycetota,Actinomycetes,Kitasatosporales,Streptomycetaceae
MITE0000013,active,GrhO6,Monooxygenation,FAD,N/A,Flavoprotein monooxygenase,No description,Streptomyces sp. JP95,Bacteria,Bacillati,Actinomycetota,Actinomycetes,Kitasatosporales,Streptomycetaceae
MITE0000014,active,MtmMI,Methylation,SAM,FeS,O-methyltransferase,4-DPMC is the first stable intermediate of the mithramycin biosynthesis. This is converted into PMC by methylation at C-4-O through the MtmMI methyltransferase in Streptomyces argillaceus,Streptomyces argillaceus,Bacteria,Bacillati,Actinomycetota,Actinomycetes,Kitasatosporales,Streptomycetaceae
MITE0000015,active,MtmMII,Methylation,SAM,FeS,C-methyltransferase,No description,Streptomyces argillaceus,Bacteria,Bacillati,Actinomycetota,Actinomycetes,Kitasatosporales,Streptomycetaceae
MITE0000016,active,MtmOIV,Decarboxylation|Oxidation,FAD,N/A,Oxygenase,No description,Streptomyces argillaceus,Bacteria,Bacillati,Actinomycetota,Actinomycetes,Kitasatosporales,Streptomycetaceae
MITE0000017,active,MtmW,Reduction,NADP,N/A,Ketoreductase,No description,Streptomyces argillaceus,Bacteria,Bacillati,Actinomycetota,Actinomycetes,Kitasatosporales,Streptomycetaceae
MITE0000018,active,MtmGIV,Glycosylation,N/A,N/A,Glycosyltransferase,No description,Streptomyces argillaceus,Bacteria,Bacillati,Actinomycetota,Actinomycetes,Kitasatosporales,Streptomycetaceae
MITE0000019,active,MtmGIII,Glycosylation,N/A,N/A,Glycosyltransferase,No description,Streptomyces argillaceus,Bacteria,Bacillati,Actinomycetota,Actinomycetes,Kitasatosporales,Streptomycetaceae
MITE0000020,active,MtmGII,Glycosylation,N/A,N/A,Glycosyltransferase,No description,Streptomyces argillaceus,Bacteria,Bacillati,Actinomycetota,Actinomycetes,Kitasatosporales,Streptomycetaceae
MITE0000021,active,SsfM2,Methylation,N/A,N/A,O-methyltransferase,No description,Streptomyces sp. SF2575,Bacteria,Bacillati,Actinomycetota,Actinomycetes,Kitasatosporales,Streptomycetaceae
MITE0000022,active,SsfM4,Methylation,SAM,FeS,C-methyltransferase,SsfM4 catalyzes C6-methylation,Streptomyces sp. SF2575,Bacteria,Bacillati,Actinomycetota,Actinomycetes,Kitasatosporales,Streptomycetaceae
MITE0000023,active,SsfM1,Methylation,SAM,FeS,O-methyltransferase,No description,Streptomyces sp. SF2575,Bacteria,Bacillati,Actinomycetota,Actinomycetes,Kitasatosporales,Streptomycetaceae
MITE0000024,active,XanH,Halogenation,FAD,N/A,FAD Halogenase,No description,Streptomyces flavogriseus,Bacteria,Bacillati,Actinomycetota,Actinomycetes,Kitasatosporales,Streptomycetaceae
MITE0000025,retired,OxyB,Cyclization,Heme,Fe,Cytochrome P450,Introduces the first crosslink (biaryl ether) between hpg4 and bht6 of the balhimycin precursor.,Amycolatopsis orientalis,Bacteria,Bacillati,Actinomycetota,Actinomycetes,Pseudonocardiales,Pseudonocardiaceae
MITE0000026,retired,OxyA,Cyclization,Heme,Fe,Cytochrome P450,Introduces the second crosslink (biaryl ether).,Amycolatopsis orientalis,Bacteria,Bacillati,Actinomycetota,Actinomycetes,Pseudonocardiales,Pseudonocardiaceae
MITE0000027,active,OxyC,Cyclization,Heme,Fe,Cytochrome P450,Installs a biaryl ether bond on the balhiycin precursor. The reaction might be less specific than depicted in the reaction SMARTS. There is no detailed study on the specificity so far. The reaction occurs probably while the precursor peptide backbone is bound to the NRPS as shown for the closely related vancomycin biosynthesis (10.1002/ANIE.200461278).,Amycolatopsis balhimycina,Bacteria,Bacillati,Actinomycetota,Actinomycetes,Pseudonocardiales,Pseudonocardiaceae
MITE0000028,active,BhaA,Halogenation,FAD,N/A,Halogenase,"The halogenase chlorinates the second bht residue of the balhimycin precursor, probably while the precursor is bound to module 6 of the NRPS. The PCP domain of module 6 might be required for the reaction. The substrate specificity of the enzyme might be less specific than represented in the SMARTS pattern. In order to make the specificity not too broad structures were rather kept in the pattern than left out.",Amycolatopsis balhimycina,Bacteria,Bacillati,Actinomycetota,Actinomycetes,Pseudonocardiales,Pseudonocardiaceae
MITE0000029,active,KtzQ,Halogenation,Flavin mononucleotide,N/A,Flavin-dependent halogenase,KtzQ is a regiospecific halogenase that catalyzes the chlorination of L-Trp at C7 position to yield 7-chlorotryptophan,Kutzneria sp. (strain 744),Bacteria,Bacillati,Actinomycetota,Actinomycetes,Pseudonocardiales,Pseudonocardiaceae
MITE0000030,active,KtzR,Halogenation,FAD,N/A,Flavin-dependent halogenase,"KtzR is a regiospecific halogenase that catalyzes chlorination at the 6-position of 7-Cl-L-Tryptophan to generate 6,7-diCl-L-Trp.",Kutzneria sp. (strain 744),Bacteria,Bacillati,Actinomycetota,Actinomycetes,Pseudonocardiales,Pseudonocardiaceae
MITE0000031,active,SacF,Methylation,SAM,FeS,C-methyltransferase,No description,Pseudomonas fluorescens,Bacteria,Pseudomonadati,Pseudomonadota,Gammaproteobacteria,Pseudomonadales,Pseudomonadaceae
MITE0000032,active,SfmM2,Methylation,SAM,FeS,C-methyltransferase,Mediates the methylation of tyrosine into 3-methyl-L-tyrosine (3-Me-Tyr) in biosynthesis of saframycin A,Streptomyces lavendulae,Bacteria,Bacillati,Actinomycetota,Actinomycetes,Kitasatosporales,Streptomycetaceae
MITE0000033,active,GtfB,Glycosylation,N/A,N/A,Glycosyltransferase,"Adds N-acetylglucosamine or N-acylglucosamine to Hpg4 of the teicoplanin aglycone. Substrate specificity is probably more general than depicted in the reaction SMARTS, but there is no precise information on substrate specificity. In order to avoid making the reaction too general, the complete backbone is included in the pattern.",Actinoplanes teichomyceticus,Bacteria,Bacillati,Actinomycetota,Actinomycetes,Micromonosporales,Micromonosporaceae
MITE0000034,active,GtfA,Glycosylation,N/A,N/A,Glycosyltransferase," Glycosyltransferase adds N-acetylglucosamine to Bht6 of the teicoplanin precursor. Substrate specificity is probably more general than depicted in the reaction SMARTS, but there is no precise information on substrate specificity. In order to avoid making the reaction too general, the complete backbone is included in the pattern.",Actinoplanes teichomyceticus,Bacteria,Bacillati,Actinomycetota,Actinomycetes,Micromonosporales,Micromonosporaceae
MITE0000035,active,Tcp24/Orf2*/tAtf,Acylation|Hydrolysis,N/A,N/A,Acyltransferase,Deacetylates N-acetylglucosaminyl residue on Hpg4 of the teicoplanin precursor.,Actinoplanes teichomyceticus,Bacteria,Bacillati,Actinomycetota,Actinomycetes,Micromonosporales,Micromonosporaceae
MITE0000036,retired,tAtf,Acylation,N/A,N/A,Acyltransferase,Deacetylates N-acetylglucosaminyl residue on Hpg4 of the teicoplanin precursor.,Actinoplanes teichomyceticus,Bacteria,Bacillati,Actinomycetota,Actinomycetes,Micromonosporales,Micromonosporaceae
MITE0000037,active,GtfE,Glycosylation,N/A,N/A,Glycosyltransferase,Transfers glucose onto hpg4 in the vancomycin and teicoplanin aglycone.,Amycolatopsis orientalis,Bacteria,Bacillati,Actinomycetota,Actinomycetes,Pseudonocardiales,Pseudonocardiaceae
MITE0000038,active,OxyA,Cyclization|Oxidation,Heme,Fe,Cytochrome P450,Introduces the second biaryl-ether crosslink between bht2 and hpg4 in the vancomycin and balhimycin precursor. The reaction occures while the vancomycin precursor is bound to the PCP of module 6 or 7. The enzyme only accepts the chlorinated precursor.,Amycolatopsis orientalis,Bacteria,Bacillati,Actinomycetota,Actinomycetes,Pseudonocardiales,Pseudonocardiaceae
MITE0000039,active,Vmt,Methylation,N/A,N/A,N-methyltransferase,Methylates the N-terminus of the vancomycin backbone. Substrate specificity not known in detail. SMARTS has been designed to be not too unspecific by accident. True substrate specificity might be broader than assumed here.,Amycolatopsis orientalis,Bacteria,Bacillati,Actinomycetota,Actinomycetes,Pseudonocardiales,Pseudonocardiaceae
MITE0000040,active,VhaA,Halogenation,FAD,N/A,Flavin-dependent halogenase,Chlorinates bht 2 and bht 6 of vancomycin. The bond to the PCP domain of module 2 of the vancomycin NRPS might be important for the reaction. There is no study on the substrate specificity for the second chlorination reaction in vancomycin biosynthesis on bht 6 so far.,Amycolatopsis orientalis,Bacteria,Bacillati,Actinomycetota,Actinomycetes,Pseudonocardiales,Pseudonocardiaceae
MITE0000041,active,OxyB,Cyclization|Oxidation,Heme,Fe,Cytochrome P450,Introduces the first biaryl-ether crosslink between hpg4 and bht6 in the vancomycin and balhimycin precursors. Reaction occurs while the backbone precursor is bound to the PCP domain of module 6 or 7. The link to the PCP domain is required for the reaction.,Amycolatopsis orientalis,Bacteria,Bacillati,Actinomycetota,Actinomycetes,Pseudonocardiales,Pseudonocardiaceae
MITE0000042,active,GtfD,Glycosylation,N/A,N/A,Glycosyltransferase,Transfers vancosamine onto glucose on hpg4 of vancomycin pseudoaglycone.,Amycolatopsis orientalis,Bacteria,Bacillati,Actinomycetota,Actinomycetes,Pseudonocardiales,Pseudonocardiaceae
MITE0000043,active,SgvP,Heterocyclization,Heme,Fe,Cytochrome P450,No description,Streptomyces griseoviridis,Bacteria,Bacillati,Actinomycetota,Actinomycetes,Kitasatosporales,Streptomycetaceae
MITE0000044,active,BotCYP,Decarboxylation|Oxidation,Heme,Fe,Cytochrome P450,P450-catalyzed oxidative decarboxylation of terminal thiazoline of bottromycin precursor in Streptomyces sp. BC16019,Streptomyces sp. BC16019,Bacteria,Bacillati,Actinomycetota,Actinomycetes,Kitasatosporales,Streptomycetaceae
MITE0000045,active,BotOMT,Methylation,N/A,N/A,O-methyltransferase,O-methylating SAM-dependent carboxyl methyltransferase from Streptomyces sp. BC16019 - Bottromycin precursor D-Asp O-methylation,Streptomyces sp. BC16019,Bacteria,Bacillati,Actinomycetota,Actinomycetes,Kitasatosporales,Streptomycetaceae
MITE0000046,active,BotRMT2,Methylation,SAM,FeS,C-methyltransferase,Bottromycin-precursor acting rSAM methyltransferase from Streptomyces sp BC16019;C-methylation of both Val4 and Val5 of bottromycin A2,Streptomyces sp. BC16019,Bacteria,Bacillati,Actinomycetota,Actinomycetes,Kitasatosporales,Streptomycetaceae
MITE0000047,active,BotRMT3,Methylation,SAM,FeS,C-methyltransferase,Bottromycin-precursor acting rSAM methyltransferase from Streptomyces sp. BC16019;C-methylation of Pro2 of bottromycin A2.,Streptomyces sp. BC16019,Bacteria,Bacillati,Actinomycetota,Actinomycetes,Kitasatosporales,Streptomycetaceae
MITE0000048,active,BotP,Hydrolysis,N/A,N/A,Peptidase,"Cleavage of N-terminal Met from a NH2-Met-Gly-Pro-Xn chain, exposing a N-terminal Gly; bottromycin biosynthesis in Streptomyces sp. BC16019.",Streptomyces sp. BC16019,Bacteria,Bacillati,Actinomycetota,Actinomycetes,Kitasatosporales,Streptomycetaceae
MITE0000049,active,BotRMT1,Methylation,SAM,FeS,C-methyltransferase,Catalysis of radical C-methylation of Phe6 of bottromycin-precursor after precursor Met cleavage.,Streptomyces sp. BC16019,Bacteria,Bacillati,Actinomycetota,Actinomycetes,Kitasatosporales,Streptomycetaceae
MITE0000050,active,BotAH,Hydrolysis,N/A,Zn,Aminohydrolase,Cleaves modified bottromycin precursor peptide between thiazole8 and Met9.,Streptomyces sp. BC16019,Bacteria,Bacillati,Actinomycetota,Actinomycetes,Kitasatosporales,Streptomycetaceae
MITE0000051,active,BotH,Epimerization,N/A,N/A,Epimerase,epimerization of L-Asp7 to D-Asp7 of modified bottromycin precursor peptide,Streptomyces sp. BC16019,Bacteria,Bacillati,Actinomycetota,Actinomycetes,Kitasatosporales,Streptomycetaceae
MITE0000052,active,BotC,Heterocyclization,N/A,N/A,YcaO protein,thiazole heterocyclisation of Cys8 of bottromycin-precursor,Streptomyces sp. BC16019,Bacteria,Bacillati,Actinomycetota,Actinomycetes,Kitasatosporales,Streptomycetaceae
MITE0000053,active,BotCD,Cyclization,N/A,N/A,YcaO protein,macroamidine macrocyclization of Gly1 and Val4 of bottromycin-precursor,Streptomyces sp. BC16019,Bacteria,Bacillati,Actinomycetota,Actinomycetes,Kitasatosporales,Streptomycetaceae
MITE0000054,active,MibH,Halogenation,FAD,N/A,Flavin-dependent halogenase,Flavin-dependent tryptophan-5-halogenase catalyzed halogenation reaction of deschloro-microbisporicin A2,Microbispora corallina,Bacteria,Bacillati,Actinomycetota,Actinomycetes,Streptosporangiales,Streptosporangiaceae
MITE0000055,active,McjC,Macrolactam formation,N/A,N/A,Macrolactam synthetase,Lassopeptide macrolactam formation after N-terminal cleavage: NH2-G-G-X-X-X-X-X-E-X-X-X-X-X-X-X-X-X-X-X-F-X-COOH.,Escherichia coli,Bacteria,Pseudomonadati,Pseudomonadota,Gammaproteobacteria,Enterobacterales,Enterobacteriaceae
MITE0000056,active,McjB,Hydrolysis,N/A,N/A,Peptidase,"ATP-dependent N-terminal cleavage of leader peptide, resulting in immature intermediate core peptide.",Escherichia coli,Bacteria,Pseudomonadati,Pseudomonadota,Gammaproteobacteria,Enterobacterales,Enterobacteriaceae
MITE0000057,active,PntE,Oxidation,N/A,N/A,Baeyer-Villiger monooxygenase,Catalyzes the flavin-dependent Baeyer-Villiger oxidation in the biosynthesis of pentalenolactone,Streptomyces arenae,Bacteria,Bacillati,Actinomycetota,Actinomycetes,Kitasatosporales,Streptomycetaceae
MITE0000058,active,PntD,Dehydration|Oxidation,N/A,Fe,Non-heme iron-dependent dehydrogenase/oxygenase ,No description,Streptomyces arenae,Bacteria,Bacillati,Actinomycetota,Actinomycetes,Kitasatosporales,Streptomycetaceae
MITE0000059,active,PntM,Other,Heme,Fe,Cytochrome P450,Catalyzes oxidative rearrangement of final step in pentalenolactone pathway,Streptomyces arenae,Bacteria,Bacillati,Actinomycetota,Actinomycetes,Kitasatosporales,Streptomycetaceae
MITE0000060,active,PntI,Oxidation,Heme,Fe,Cytochrome P450,Carboxylation of intermediate in pentalenolactone biosynthetic pathway,Streptomyces arenae,Bacteria,Bacillati,Actinomycetota,Actinomycetes,Kitasatosporales,Streptomycetaceae
MITE0000061,active,CotB3,Hydroxylation,Heme,Fe,Cytochrome P450,No description,Streptomyces melanosporofaciens,Bacteria,Bacillati,Actinomycetota,Actinomycetes,Kitasatosporales,Streptomycetaceae
MITE0000062,active,CotB4,Hydroxylation,Heme,Fe,Cytochrome P450,No description,Streptomyces melanosporofaciens,Bacteria,Bacillati,Actinomycetota,Actinomycetes,Kitasatosporales,Streptomycetaceae
MITE0000063,active,PtlD,Dehydration|Oxidation,N/A,Fe,Non-heme iron-dependent dehydrogenase/oxygenase ,No description,Streptomyces avermitilis (strain ATCC 31267 / DSM 46492 / JCM 5070 / NBRC 14893 / NCIMB 12804 / NRRL 8165 / MA-4680),Bacteria,Bacillati,Actinomycetota,Actinomycetes,Kitasatosporales,Streptomycetaceae
MITE0000064,active,PtlI,Oxidation,Heme,Fe,Cytochrome P450,Catalyzes oxidation of pentalen-13-al in the neopentalenolactone pathway,Streptomyces avermitilis (strain ATCC 31267 / DSM 46492 / JCM 5070 / NBRC 14893 / NCIMB 12804 / NRRL 8165 / MA-4680),Bacteria,Bacillati,Actinomycetota,Actinomycetes,Kitasatosporales,Streptomycetaceae
MITE0000065,active,PtlE,Oxidation,N/A,N/A,Baeyer-Villiger monooxygenase,Catalyzes the flavin-dependent Baeyer-Villiger oxidation in the biosynthesis of neopentalenolactone,Streptomyces avermitilis (strain ATCC 31267 / DSM 46492 / JCM 5070 / NBRC 14893 / NCIMB 12804 / NRRL 8165 / MA-4680),Bacteria,Bacillati,Actinomycetota,Actinomycetes,Kitasatosporales,Streptomycetaceae
MITE0000066,active,RebP,Oxidation,Heme,Fe,Cytochrome P450,No description,Lentzea aerocolonigenes,Bacteria,Bacillati,Actinomycetota,Actinomycetes,Pseudonocardiales,Pseudonocardiaceae
MITE0000067,active,RebD,Oxidation,N/A,N/A,Dichlorochromopyrrolate synthase,No description,Lentzea aerocolonigenes,Bacteria,Bacillati,Actinomycetota,Actinomycetes,Pseudonocardiales,Pseudonocardiaceae
MITE0000068,active,RebO,Oxidation,Flavin mononucleotide,Fe,Flavin-dependent L-tryptophan oxidase,No description,Lentzea aerocolonigenes,Bacteria,Bacillati,Actinomycetota,Actinomycetes,Pseudonocardiales,Pseudonocardiaceae
MITE0000069,active,RebH,Halogenation,N/A,N/A,Tryptophan halogenase,No description,Lentzea aerocolonigenes,Bacteria,Bacillati,Actinomycetota,Actinomycetes,Pseudonocardiales,Pseudonocardiaceae
MITE0000070,active,RebC,Oxidation,N/A,N/A,Putative FAD-monooxygenase,FAD-dependent enzyme RebC catalyse the oxidation of two carboxylic acids to form a maleimide ring. RebC cofactor is FAD.,Lentzea aerocolonigenes,Bacteria,Bacillati,Actinomycetota,Actinomycetes,Pseudonocardiales,Pseudonocardiaceae
MITE0000071,active,Bmp2,Halogenation,FAD,N/A,Flavin-dependent halogenase,No description,Pseudoalteromonas phenolica O-BC30,Bacteria,Pseudomonadati,Pseudomonadota,Gammaproteobacteria,Alteromonadales,Pseudoalteromonadaceae
MITE0000072,active,TdaE,Dioxygenation,N/A,N/A,Flavoprotein dioxygenase,"TdaE relies on its substrate as electron donor (rather than NAD(P)H) for O2 activation and covalent flavin-oxygen adduct formation. Then, TdaE incorporates both O2-derived oxygen atoms into the substrate most likely via transient FlN5OO and FlN5O species, thereby breaking the CoA thioester bond and epoxidizing the tropone ring. ",Not found,Not found,Not found,Not found,Not found,Not found,Not found
MITE0000073,active,ClmAH,Hydrolysis,N/A,N/A,Amidohydrolase,removal of the leucine residue,Streptomyces sp. CS40,Bacteria,Bacillati,Actinomycetota,Actinomycetes,Kitasatosporales,Streptomycetaceae
MITE0000074,active,ClmM1,Methylation,SAM,FeS,S-methyltransferase,No description,Streptomyces sp. CS40,Bacteria,Bacillati,Actinomycetota,Actinomycetes,Kitasatosporales,Streptomycetaceae
MITE0000075,active,ClmM2,Methylation,SAM,FeS,O-methyltransferase,O-methylation of collismycin D,Streptomyces sp. CS40,Bacteria,Bacillati,Actinomycetota,Actinomycetes,Kitasatosporales,Streptomycetaceae
MITE0000076,active,JamD,Halogenation,FAD,N/A,Flavin-dependent halogenase,Flavin-dependent bromination of terminal alkyne,Lyngbya majuscula,Bacteria,Bacillati,Cyanobacteriota,Cyanophyceae,Oscillatoriophycideae,Oscillatoriales
MITE0000077,active,MdpB1,Methylation,SAM,FeS,C-methyltransferase,C-methylation of methylsalicylic acid bound to coenzyme A. Auxiliary enzyme MdpB2 needed to load methylsalicylic acid on coenzyme A.,Actinomadura madurae,Bacteria,Bacillati,Actinomycetota,Actinomycetes,Streptosporangiales,Thermomonosporaceae
MITE0000078,retired,MdpB2,Other,N/A,N/A,CoA ligase,No description,Actinomadura madurae,Bacteria,Bacillati,Actinomycetota,Actinomycetes,Streptosporangiales,Thermomonosporaceae
MITE0000079,retired,PokM3,Other,N/A,N/A,CoA ligase,No description,Streptomyces diastatochromogenes,Bacteria,Bacillati,Actinomycetota,Actinomycetes,Kitasatosporales,Streptomycetaceae
MITE0000080,active,PokMT1,Methylation,N/A,N/A,C-methyltransferase,C-methylation of methylsalicylic acid bound to coenzyme A. Auxiliary enzyme PokM3 needed to load methylsalicylic acid on coenzyme A.,Streptomyces diastatochromogenes,Bacteria,Bacillati,Actinomycetota,Actinomycetes,Kitasatosporales,Streptomycetaceae
MITE0000081,active,AgqB,Hydroxylation,N/A,N/A,Alkylresorcinol monooxygenase,No description,Actinoplanes missouriensis (strain ATCC 14538 / DSM 43046 / CBS 188.64 / JCM 3121 / NBRC 102363 / NCIMB 12654 / NRRL B-3342 / UNCC 431),Bacteria,Bacillati,Actinomycetota,Actinomycetes,Micromonosporales,Micromonosporaceae
MITE0000082,active,AgqC,Methylation,N/A,N/A,O-methyltransferase,No description,Actinoplanes missouriensis (strain ATCC 14538 / DSM 43046 / CBS 188.64 / JCM 3121 / NBRC 102363 / NCIMB 12654 / NRRL B-3342 / UNCC 431),Bacteria,Bacillati,Actinomycetota,Actinomycetes,Micromonosporales,Micromonosporaceae
MITE0000083,active,AgqD,Prenylation,N/A,N/A,UbiA-like prenyltransferase,No description,Actinoplanes missouriensis (strain ATCC 14538 / DSM 43046 / CBS 188.64 / JCM 3121 / NBRC 102363 / NCIMB 12654 / NRRL B-3342 / UNCC 431),Bacteria,Bacillati,Actinomycetota,Actinomycetes,Micromonosporales,Micromonosporaceae
MITE0000084,active,NapB2,Oxidation,N/A,N/A,Monooxygenase,"Oxidation of 1,3,6,8-tetrahydroxynaphthalene (THN) to flaviolin.",Streptomyces aculeolatus,Bacteria,Bacillati,Actinomycetota,Actinomycetes,Kitasatosporales,Streptomycetaceae
MITE0000085,active,NapB5,Methylation,SAM,FeS,C-methyltransferase,No description,Streptomyces aculeolatus,Bacteria,Bacillati,Actinomycetota,Actinomycetes,Kitasatosporales,Streptomycetaceae
MITE0000086,active,NapH1,Halogenation|Heterocyclization,N/A,N/A,Vanadium-dependent chloroperoxidase ,No description,Streptomyces aculeolatus,Bacteria,Bacillati,Actinomycetota,Actinomycetes,Kitasatosporales,Streptomycetaceae
MITE0000087,active,RslO4,Monooxygenation,N/A,N/A,Monooxygenase,RslO4 catalyzes the monooxygenation of an intermediate in the rishirilide biosynthesis pathway,Streptomyces bottropensis,Bacteria,Bacillati,Actinomycetota,Actinomycetes,Kitasatosporales,Streptomycetaceae
MITE0000088,active,TlmF,Oxidation,Heme,Fe,Cytochrome P450,No description,Salinispora pacifica DSM 45543 = CNS-863,Bacteria,Bacillati,Actinomycetota,Actinomycetes,Micromonosporales,Micromonosporaceae
MITE0000089,retired,CPT2,Prenylation,N/A,N/A,Nerylneryl diphosphate synthase,No description,Solanum lycopersicum,Eukaryota,Viridiplantae,Streptophyta,Embryophyta,Tracheophyta,Spermatophyta
MITE0000090,active,TPS21,Cyclization,N/A,N/A,Terpene cyclase,Cyclization of nerylneryl diphosphate to form lycosantalene,Solanum lycopersicum,Eukaryota,Viridiplantae,Streptophyta,Embryophyta,Tracheophyta,Spermatophyta
MITE0000091,active,CYP71BN1,Oxidation,Heme,Fe,Cytochrome P450,CYP71BN1 catalyzes the two-step oxidation of lycosantalene to lycosantalonol ,Solanum lycopersicum,Eukaryota,Viridiplantae,Streptophyta,Embryophyta,Tracheophyta,Spermatophyta
MITE0000092,active,BorH,Halogenation,FAD,N/A,Flavin-dependent halogenase,Tryptophan-6 halogenation,Not found,Not found,Not found,Not found,Not found,Not found,Not found
MITE0000093,active,PhmJ,Halogenation,FAD,N/A,FAD-dependent halogenase,PhmJ forms the vinyl bromination in phormidolide A,Leptolyngbya sp. ISBN3-Nov-94-8,Bacteria,Bacillati,Cyanobacteriota,Cyanophyceae,Leptolyngbyales,Leptolyngbyaceae
MITE0000094,active,TnmK2,Dioxygenation,N/A,N/A,Iterative cofactorless dioxygenase,No description,Streptomyces sp. (strain CB03234),Bacteria,Bacillati,Actinomycetota,Actinomycetes,Kitasatosporales,Streptomycetaceae
MITE0000095,active,TnmK1,Cyclization,N/A,N/A,Hydrolase,Catalyzes D-ring-forming Michael addition,Streptomyces sp. (strain CB03234),Bacteria,Bacillati,Actinomycetota,Actinomycetes,Kitasatosporales,Streptomycetaceae
MITE0000096,active,TnmJ,Dioxygenation,N/A,N/A,Cofactorless oxygenase,No description,Not found,Not found,Not found,Not found,Not found,Not found,Not found
MITE0000097,active,PumI,Oxidation,N/A,N/A,Oxidoreductase,No description,Not found,Not found,Not found,Not found,Not found,Not found,Not found
MITE0000098,active,PumK,Other,N/A,N/A,Carboxylate-amine ligase,No description,Not found,Not found,Not found,Not found,Not found,Not found,Not found
MITE0000099,active,PumJ,Other,N/A,N/A,Pseudouridine synthase,No description,Not found,Not found,Not found,Not found,Not found,Not found,Not found
MITE0000100,active,PumG,Amination,N/A,N/A,Aminotransferase,No description,Not found,Not found,Not found,Not found,Not found,Not found,Not found
MITE0000101,active,Cxm5,Heterocyclization,Heme,Fe,Cytochrome P450,No description,Actinoplanes tsinanensis,Bacteria,Bacillati,Actinomycetota,Actinomycetes,Micromonosporales,Micromonosporaceae
MITE0000102,active,TrlE,Other,N/A,N/A,Flavoprotein monooxygenase,"Combines hydroxylation, decarboxylation and oxidation to generate tropolone from dihydrotropone-2-carboxylate",Streptomyces cyaneofuscatus,Bacteria,Bacillati,Actinomycetota,Actinomycetes,Kitasatosporales,Streptomycetaceae
MITE0000103,active,TrlF,Other,N/A,N/A,Decarboxylase/Hydrolase,"Cleaves off CoA from 2-hydroxycyclohepta-1,4,6-triene-1-carboxyl-CoA",Streptomyces cyaneofuscatus,Bacteria,Bacillati,Actinomycetota,Actinomycetes,Kitasatosporales,Streptomycetaceae
MITE0000104,active,TrlC,Hydroxylation,N/A,N/A,Oxygenase component of flavoprotein monooxygenase TrlCD,"Catalyzes hydroxylation from 7-hydroxytropolone to 3,7-dihydroxytropolone",Streptomyces cyaneofuscatus,Bacteria,Bacillati,Actinomycetota,Actinomycetes,Kitasatosporales,Streptomycetaceae
MITE0000105,active,GnmP,Methylation,N/A,N/A,Persulfide methyltransferase,No description,Not found,Not found,Not found,Not found,Not found,Not found,Not found
MITE0000106,active,MstE,Cyclization,N/A,N/A,Terpene cyclase,No description,Scytonema sp. PCC 10023,Bacteria,Bacillati,Cyanobacteriota,Cyanophyceae,Nostocales,Scytonemataceae
MITE0000107,active,Mca,Hydrolysis,N/A,N/A,Amidase,No description,Streptomyces cyslabdanicus,Bacteria,Bacillati,Actinomycetota,Actinomycetes,Kitasatosporales,Streptomycetaceae
MITE0000108,active,CldC,Oxidation,Heme,Fe,Cytochrome P450,No description,Streptomyces cyslabdanicus,Bacteria,Bacillati,Actinomycetota,Actinomycetes,Kitasatosporales,Streptomycetaceae
MITE0000109,active,CmxA,Cyclization|Deamination,N/A,N/A,L-lysine cyclodeaminase,cyclization and deamination of lysine to pipecolic acid,Not found,Not found,Not found,Not found,Not found,Not found,Not found
MITE0000110,active,NgnN4,Other,N/A,N/A,Proline adenyltransferase,NgnN4 is responsible for attaching a pyrrole-moiety.,Nocardia argentinensis,Bacteria,Bacillati,Actinomycetota,Actinomycetes,Mycobacteriales,Nocardiaceae
MITE0000111,active,NgnO3,Other|Oxidation,N/A,N/A,Dioxygenase,NgnO3 catalyzes the formation of the ether bridge moiety at position C8/C13 of the substrate molecules.,Nocardia argentinensis,Bacteria,Bacillati,Actinomycetota,Actinomycetes,Mycobacteriales,Nocardiaceae
MITE0000112,active,Ngnp1,Hydroxylation|Oxidation,Heme,Fe,Cytochrome P450,Hydroxylation at c-2,Nocardia argentinensis,Bacteria,Bacillati,Actinomycetota,Actinomycetes,Mycobacteriales,Nocardiaceae
MITE0000113,active,NgnD,Cyclization,N/A,N/A,Nuclear transport factor 2 family protein,[6+4] cycloaddition; NgnD acts likely similar to a bispericyclase,Nocardia argentinensis,Bacteria,Bacillati,Actinomycetota,Actinomycetes,Mycobacteriales,Nocardiaceae
MITE0000114,active,NgnM,Methylation,N/A,N/A,O-methyltransferase,NgnM methylates the hydroxyl group at the 2-position of the macrolactone intermediate,Nocardia argentinensis,Bacteria,Bacillati,Actinomycetota,Actinomycetes,Mycobacteriales,Nocardiaceae
MITE0000115,active,NgnP2,Hydroxylation|Monooxygenation|Oxidation,Heme,Fe,Cytochrome P450,Hydroxylation at C-18,Nocardia argentinensis,Bacteria,Bacillati,Actinomycetota,Actinomycetes,Mycobacteriales,Nocardiaceae
MITE0000116,active,StoC,Dehydration,N/A,N/A,NADPH-dependent oxidoreductase,Dehydration; elimination of primary alcohol under formation exo-methylene group,Pseudomonas fluorescens,Bacteria,Pseudomonadati,Pseudomonadota,Gammaproteobacteria,Pseudomonadales,Pseudomonadaceae
MITE0000117,active,StoR,Reduction,NADP,N/A,NADPH-dependent oxidoreductase,NADPH dependent reduction of exo-methylene in styrolide B to methyl group in styrolide A,Pseudomonas fluorescens,Bacteria,Pseudomonadati,Pseudomonadota,Gammaproteobacteria,Pseudomonadales,Pseudomonadaceae
MITE0000118,active,AcaR,Reduction,NADP,N/A,NADPH-dependent oxidoreductase,reduction of exocxclic double bond in dehydroacaterin to acaterin,Pseudomonas jessenii,Bacteria,Pseudomonadati,Pseudomonadota,Gammaproteobacteria,Pseudomonadales,Pseudomonadaceae
MITE0000119,active,ScyL2,Hydroxylation,N/A,N/A,AsaB-like alphaKGDD,No description,Scytalidium album,Eukaryota,Fungi,Dikarya,Ascomycota,Pezizomycotina,Leotiomycetes
MITE0000120,active,ZopL9/ZopK,Hydroxylation|Ring contraction,N/A,N/A,AsaB-like alphaKGDD,Catalyzes a ring contraction of the nine-membered central ring to yield a octadride ring,Diffractella curvata,Eukaryota,Fungi,Dikarya,Ascomycota,Pezizomycotina,Sordariomycetes
MITE0000121,active,AbmB,Hydroxylation,N/A,N/A,L-Ornithine N(5)-oxygenase,N-hydroxylation of delta-amine of ornithin,Streptomyces sp. ATCC 700974,Bacteria,Bacillati,Actinomycetota,Actinomycetes,Kitasatosporales,Streptomycetaceae
MITE0000122,active,AbmA,Acetylation,N/A,N/A,Acetyltransferase,No description,Streptomyces sp. ATCC 700974,Bacteria,Bacillati,Actinomycetota,Actinomycetes,Kitasatosporales,Streptomycetaceae
MITE0000123,active,JuiM,Acetylation,N/A,N/A,Acetyltransferase,No description,Streptomyces sampsonii,Bacteria,Bacillati,Actinomycetota,Actinomycetes,Kitasatosporales,Streptomycetaceae
MITE0000124,active,JuiL,Reduction,N/A,N/A,F420-dependent oxidoreductase,No description,Streptomyces sampsonii,Bacteria,Bacillati,Actinomycetota,Actinomycetes,Kitasatosporales,Streptomycetaceae
MITE0000125,active,JuiI,Biaryl bond formation,Heme,Fe,Cytochrome P450,Biaryl coupling of two julichrome Q6 units,Streptomyces sampsonii,Bacteria,Bacillati,Actinomycetota,Actinomycetes,Kitasatosporales,Streptomycetaceae
MITE0000126,active,AetF,Halogenation,FAD,N/A,Flavin-dependent halogenase,"Bromination of L-tryptophan, leading to 5-bromotryptophan",Aetokthonos hydrillicola Thurmond2011,Bacteria,Bacillati,Cyanobacteriota,Cyanophyceae,Nostocales,Hapalosiphonaceae
MITE0000127,active,AetA,Halogenation,FAD,N/A,Flavin-dependent halogenase,"Bromination of 5-bromoindole, leading to 3,5-tribromoindole",Aetokthonos hydrillicola Thurmond2011,Bacteria,Bacillati,Cyanobacteriota,Cyanophyceae,Nostocales,Hapalosiphonaceae
MITE0000128,active,OrfA,Halogenation,FAD,N/A,Halogenase,FADH2-dependent halogenase in the biosynthesis of chloroalbofungin,Streptomyces tumemacerans,Bacteria,Bacillati,Actinomycetota,Actinomycetes,Kitasatosporales,Streptomycetaceae
MITE0000129,active,ThnJ,Deamination,N/A,N/A,Aminotransferase,No description,Not found,Not found,Not found,Not found,Not found,Not found,Not found
MITE0000130,active,ThnH,Halogenation,N/A,N/A,Tryptophan 6-halogenase,chlorinates tryptophan to form 6-Cl-tryptophan (6-Cl-Trp),Not found,Not found,Not found,Not found,Not found,Not found,Not found
MITE0000131,active,ThnA,Amination,N/A,N/A,Amidotransferase,No description,Not found,Not found,Not found,Not found,Not found,Not found,Not found
MITE0000132,active,THAA2,Acetylation,N/A,N/A,Acetyltransferase,O-acetylation as final step of the thalianin pathway in Arabidopsis thaliana ssp. lyrata,Arabidopsis lyrata subsp. lyrata,Eukaryota,Viridiplantae,Streptophyta,Embryophyta,Tracheophyta,Spermatophyta
MITE0000133,active,THAH,Hydroxylation,Heme,Fe,Cytochrome P450,Hydroxylates the intermediate in the thalianin pathway in Arabidopsis thaliana ssp. lyrata,Arabidopsis lyrata subsp. lyrata,Eukaryota,Viridiplantae,Streptophyta,Embryophyta,Tracheophyta,Spermatophyta
MITE0000134,active,THAS,Cyclization,N/A,N/A,Oxidosqualene cyclase,Cyclases the intermediate in the thalianin pathway in Arabidopsis thaliana ssp. lyrata,Not found,Not found,Not found,Not found,Not found,Not found,Not found
MITE0000135,active,THAO,Hydroxylation,Heme,Fe,Cytochrome P450,Hydroxylates the intermediate in the thalianin pathway in Arabidopsis thaliana ssp. lyrata,Arabidopsis lyrata subsp. lyrata,Eukaryota,Viridiplantae,Streptophyta,Embryophyta,Tracheophyta,Spermatophyta
MITE0000136,active,THAA1,Acetylation,N/A,N/A,Acyltransferase subfamily IIIa,Acetylates the intermediate in the thalianin pathway in Arabidopsis thaliana ssp. lyrata,Not found,Not found,Not found,Not found,Not found,Not found,Not found
MITE0000137,active,AnkG,Other,N/A,N/A,ATP-grasp protein,No description,Aspergillus thermomutatus,Eukaryota,Fungi,Dikarya,Ascomycota,Pezizomycotina,Eurotiomycetes
MITE0000138,active,AnkE,Other,N/A,N/A,NRPS independent siderophore synthetase,No description,Aspergillus thermomutatus,Eukaryota,Fungi,Dikarya,Ascomycota,Pezizomycotina,Eurotiomycetes
MITE0000139,active,AnkD,Other,N/A,N/A,Pyridoxal-phosphate dependent enzyme,No description,Aspergillus thermomutatus,Eukaryota,Fungi,Dikarya,Ascomycota,Pezizomycotina,Eurotiomycetes
MITE0000140,retired,AnkA,Other,N/A,N/A,CRY tRNA-dependent cyclodipeptide synthase,No description,Aspergillus thermomutatus,Eukaryota,Fungi,Dikarya,Ascomycota,Pezizomycotina,Eurotiomycetes
MITE0000141,active,AnkF,Methylation,N/A,N/A,O-methyltransferase,No description,Aspergillus thermomutatus,Eukaryota,Fungi,Dikarya,Ascomycota,Pezizomycotina,Eurotiomycetes
MITE0000142,active,AnkC,Monooxygenation,FAD,N/A,FAD-dependent monooxygenase,No description,Aspergillus thermomutatus,Eukaryota,Fungi,Dikarya,Ascomycota,Pezizomycotina,Eurotiomycetes
MITE0000143,active,AvaC,Hydrolysis,N/A,N/A,Kynurenine formamidase,No description,Aspergillus versicolor,Eukaryota,Fungi,Dikarya,Ascomycota,Pezizomycotina,Eurotiomycetes
MITE0000144,active,AvaB,Monooxygenation,N/A,N/A,FAD-dependent monooxygenase ,No description,Aspergillus versicolor,Eukaryota,Fungi,Dikarya,Ascomycota,Pezizomycotina,Eurotiomycetes
MITE0000145,active,AvaD,Acetylation,N/A,N/A,GNAT family N-acetyltransferase,No description,Aspergillus versicolor,Eukaryota,Fungi,Dikarya,Ascomycota,Pezizomycotina,Eurotiomycetes
MITE0000146,retired,AvaA,Other,N/A,N/A,CRW tRNA-dependent cyclodipeptide synthase,No description,Aspergillus versicolor,Eukaryota,Fungi,Dikarya,Ascomycota,Pezizomycotina,Eurotiomycetes
MITE0000147,active,PeuJ,Hydroxylation,N/A,N/A,FMN-dependent monooxygenase,No description,Streptomyces peucetius subsp. caesius ATCC 27952,Bacteria,Bacillati,Actinomycetota,Actinomycetes,Kitasatosporales,Streptomycetaceae
MITE0000148,retired,PtlE,Oxidation,N/A,N/A,Baeyer-Villiger monooxygenase,No description,Streptomyces avermitilis (strain ATCC 31267 / DSM 46492 / JCM 5070 / NBRC 14893 / NCIMB 12804 / NRRL 8165 / MA-4680),Bacteria,Bacillati,Actinomycetota,Actinomycetes,Kitasatosporales,Streptomycetaceae
MITE0000149,active,MciB,Biaryl bond formation,N/A,N/A,P450 installing crosslink,No description,Micromonospora citrea,Bacteria,Bacillati,Actinomycetota,Actinomycetes,Micromonosporales,Micromonosporaceae
MITE0000150,active,CYP158C1,Biaryl bond formation,Heme,Fe,Cytochrome P450,No description,Streptantibioticus cattleyicolor (strain ATCC 35852 / DSM 46488 / JCM 4925 / NBRC 14057 / NRRL 8057),Bacteria,Bacillati,Actinomycetota,Actinomycetes,Kitasatosporales,Streptomycetaceae
MITE0000151,active,PspC,Oxidation,Heme,Fe,Cytochrome P450,catalyzes three-step oxidations at the C-4 methyl group to carboxylic acid to yield soppiline C,Penicillium soppii,Eukaryota,Fungi,Dikarya,Ascomycota,Pezizomycotina,Eurotiomycetes
MITE0000152,active,ScnB,Biaryl bond formation,Heme,Fe,Cytochrome P450,Installs biaryl crosslink between trp-trp,Not found,Not found,Not found,Not found,Not found,Not found,Not found
MITE0000153,active,SgrB,Biaryl bond formation,Heme,Fe,Cytochrome P450,Installs biaryl crosslink between his-his,Not found,Not found,Not found,Not found,Not found,Not found,Not found
MITE0000154,active,PeuJ,Hydroxylation,N/A,N/A,Monooxygenase,Monooxygenase,Streptomyces seoulensis,Bacteria,Bacillati,Actinomycetota,Actinomycetes,Kitasatosporales,Streptomycetaceae
MITE0000155,active,SrsB,Methylation,N/A,N/A,O-methyltransferase,O-methylation of alkylresorcinols to yield alkylresorcinol methyl ethers,Streptomyces griseus subsp. griseus NBRC 13350,Bacteria,Actinobacteria,Actinobacteridae,Actinomycetales,Streptomycineae,Streptomycetaceae
MITE0000156,active,PhoM,Monooxygenation,N/A,N/A,Flavin-dependent monooxygenase,The monooxygenase PhoM is involved in C5 hydroxlation during biosynethesis of phomoxanthone A,Not found,Not found,Not found,Not found,Not found,Not found,Not found
MITE0000157,active,PhoL,Reduction,N/A,N/A,Short-chain dehydrogenases/reductase,PhoL is responsible for reduction of monodictyphenone towards the biosynthesis of phomoxanthone A,Not found,Not found,Not found,Not found,Not found,Not found,Not found
MITE0000158,active,PhoJ,Dioxygenation,N/A,N/A,Dioxygenase,PhoJ is a dioxygenase involved in a ring-opening strategy to form monodictyphenone as in intermediate in phomoxanthone A biosynthesis,Not found,Not found,Not found,Not found,Not found,Not found,Not found
MITE0000159,active,PhoD,Dehydration,N/A,N/A,Dehydratase,PhoD is a dehydratase responsible for the formation of the intermediate chrysophanol during biosynthesis of phomoxanthone A,Not found,Not found,Not found,Not found,Not found,Not found,Not found
MITE0000160,active,PhoC,Reduction,N/A,N/A,Short-chain dehydrogenases/reductase,PhoD is a reductase responsible for the reduction of a double bond during biosynthesis of phomoxanthone A,Not found,Not found,Not found,Not found,Not found,Not found,Not found
MITE0000161,active,PhoK,Acetylation|Reduction,N/A,N/A,Reductase,No description,Diaporthe sp.,Eukaryota,Fungi,Dikarya,Ascomycota,Pezizomycotina,Sordariomycetes
MITE0000162,active,PhoG,Oxidation,N/A,N/A,Anthrone oxygenase,Responsible for the conversion of emodin anthrone to emodin by oxidation during biosynthesis of phomoxanthone A,Not found,Not found,Not found,Not found,Not found,Not found,Not found
MITE0000163,active,PhoH,Decarboxylation,N/A,N/A,Decarboxylase,Decarboxylase responsible for the conversion of atrochrysone carboxylic acid to atrochrysone.,Not found,Not found,Not found,Not found,Not found,Not found,Not found
MITE0000164,active,PhoP,Reduction,N/A,N/A,Short-chain dehydrogenases/reductase,PhoP is a short-chain dehydrogenases/reductase responsible for a reductive cyclisation step in the biosynthesis of phomoxanthone A,Not found,Not found,Not found,Not found,Not found,Not found,Not found
MITE0000165,active,PhoN,Other,N/A,N/A,Isomerase,No description,Diaporthe sp.,Eukaryota,Fungi,Dikarya,Ascomycota,Pezizomycotina,Sordariomycetes
MITE0000166,active,ProsF,Methylation,N/A,N/A,O-methyltransferase,SAM (S-adenosyl-L-methionine)-depenent O-methylation of roseopurpurin intermediate.,Phaeosphaeria sp.,Eukaryota,Fungi,Dikarya,Ascomycota,Pezizomycotina,Dothideomycetes
MITE0000167,active,ProsD,Hydrolysis,N/A,N/A,Glyoxalase,Ring cleavage in the scope of detoxification.,Phaeosphaeria sp.,Eukaryota,Fungi,Dikarya,Ascomycota,Pezizomycotina,Dothideomycetes
MITE0000168,active,ProsA,Oxidation,Heme,Fe,Cytochrome P450,ProsA works in concert with SDR ProsC to yield the pathway intermediate. Order of reactions is not clear from experimental data. Overexpression of either ProsA or ProsC alone does not yield any product.,Phaeosphaeria sp.,Eukaryota,Fungi,Dikarya,Ascomycota,Pezizomycotina,Dothideomycetes
MITE0000169,active,ProsC,Reduction,N/A,N/A,Short-chain dehydrogenase/reductase,ProsC works in concert with P450 ProsA to yield the pathway intermediate. Order of reactions is not clear from experimental data. Overexpression of either ProsA or ProsC alone does not yield any product.,Phaeosphaeria sp.,Eukaryota,Fungi,Dikarya,Ascomycota,Pezizomycotina,Dothideomycetes
MITE0000170,active,ProsK,Cyclization,Heme,Fe,Cytochrome P450,Depside bond formation by oxidative ether formation.,Phaeosphaeria sp.,Eukaryota,Fungi,Dikarya,Ascomycota,Pezizomycotina,Dothideomycetes
MITE0000171,active,ProsB,Decarboxylation,N/A,N/A,Decarboxylase,Decarboxylates the phenolic substrate,Phaeosphaeria sp.,Eukaryota,Fungi,Dikarya,Ascomycota,Pezizomycotina,Dothideomycetes
MITE0000172,active,LauB1,Biaryl bond formation,Heme,Fe,Cytochrome P450,Installs biaryl crosslinks,Streptomyces laurentii,Bacteria,Bacillati,Actinomycetota,Actinomycetes,Kitasatosporales,Streptomycetaceae
MITE0000173,active,ScaB aka EmbB,Biaryl bond formation,Heme,Fe,Cytochrome P450,W-W biaryl crosslink formation,Not found,Not found,Not found,Not found,Not found,Not found,Not found
MITE0000174,active,BytO,Biaryl bond formation,Heme,Fe,Cytochrome P450,"Introduces a biaryl bond between Y1 and H3, cytochrome P450 from Planomonospora strain ID107089",Planomonospora sp,Bacteria,Bacillati,Actinomycetota,Actinomycetes,Streptosporangiales,Streptosporangiaceae
MITE0000175,active,BytO,Biaryl bond formation,Heme,Fe,Cytochrome P450,"Biaryl formation between Y1 and H3 of the tripeptide, cytochrome P450, Planomonospora strain ID82291",Planomonospora sp,Bacteria,Bacillati,Actinomycetota,Actinomycetes,Streptosporangiales,Streptosporangiaceae
MITE0000176,active,Ple1,Hydroxylation,Heme,Fe,Cytochrome P450,"Hydroxylation, Ple1 catalyzed hydroxylation on the Î± position of the acetyl side chain",Rhodocybe pseudopiperita,Eukaryota,Fungi,Dikarya,Basidiomycota,Agaricomycotina,Agaricomycetes
MITE0000177,active,Ple2,Acetylation,N/A,N/A,Acetyltransferase,"Acetylation, O-acetylation of mutilin to produce 14-acetyl-mutilin",Rhodocybe pseudopiperita,Eukaryota,Fungi,Dikarya,Basidiomycota,Agaricomycotina,Agaricomycetes
MITE0000178,active,Ple6,Hydroxylation,Heme,Fe,Cytochrome P450,Hydroxylation,Rhodocybe pseudopiperita,Eukaryota,Fungi,Dikarya,Basidiomycota,Agaricomycotina,Agaricomycetes
MITE0000179,active,Ple5/PLE5_RHOPP,Hydroxylation,Heme,Fe,Cytochrome P450,Hydroxylation,Rhodocybe pseudopiperita,Eukaryota,Fungi,Dikarya,Basidiomycota,Agaricomycotina,Agaricomycetes
MITE0000180,active,SLI_0884,Other,N/A,N/A,Leucyl/Phenylalanine-tRNA-protein transferase,"amide bond formation between arginine, encoded by the A domain of the NRPS-like gene, and phenylalanine provided by their cognate aminoacyl-tRNAs as substrate.",Streptomyces lividans 1326,Bacteria,Bacillati,Actinomycetota,Actinomycetes,Kitasatosporales,Streptomycetaceae
MITE0000181,active,FrsC,Reduction,N/A,N/A,Dehydrogenase,Reduction of phenylpyruvate to L-phenyllactate,Chromobacterium vaccinii,Bacteria,Pseudomonadati,Pseudomonadota,Betaproteobacteria,Neisseriales,Chromobacteriaceae
MITE0000182,active,SxtN,Sulfonation,PAPS,N/A,N-sulfotransferase,N-sulfonation of saxitoxin,Heteroscytonema crispum UCFS15,Bacteria,Bacillati,Cyanobacteriota,Cyanophyceae,Nostocales,Heteroscytonemataceae
MITE0000183,active,EryK,Hydroxylation,Heme,Fe,Cytochrome P450,C-12 hydroxylation of erythromycin B to form erythromycin A,Saccharopolyspora erythraea (strain ATCC 11635 / DSM 40517 / JCM 4748 / NBRC 13426 / NCIMB 8594 / NRRL 2338),Bacteria,Bacillati,Actinomycetota,Actinomycetes,Pseudonocardiales,Pseudonocardiaceae
MITE0000184,active,RufO,Other,Heme,Fe,Cytochrome P450,direct nitration of tyrosine in MRYLH pentapeptide,Streptomyces atratus,Bacteria,Bacillati,Actinomycetota,Actinomycetes,Kitasatosporales,Streptomycetaceae
MITE0000185,active,FrsH,Hydroxylation,N/A,Fe,Non-heme diiron monooxygenase,beta-hydroxylation of PCP-bound leucine,Chromobacterium vaccinii,Bacteria,Pseudomonadati,Pseudomonadota,Betaproteobacteria,Neisseriales,Chromobacteriaceae
MITE0000186,active,HrmF,Other,N/A,N/A,L-DOPA dioxygenase,"extradiol cleavage of L-DOPA, rearrangement to alkylproline derivative",Streptomyces griseoflavus,Bacteria,Bacillati,Actinomycetota,Actinomycetes,Kitasatosporales,Streptomycetaceae
MITE0000187,active,HrmI,Oxidation,Heme,Fe,Heme oxygenase-like dinuclear iron enzyme,oxidation of lysine to nitronorleucine,Streptomyces griseoflavus,Bacteria,Bacillati,Actinomycetota,Actinomycetes,Kitasatosporales,Streptomycetaceae
MITE0000188,active,BorI,Dehydration|Hydroxylation|Oxidation,Heme,Fe,Cytochrome P450,Oxidation of 12-C hydroxyl group of pre-borrelidin to a carbonyl,Streptomyces parvulus,Bacteria,Bacillati,Actinomycetota,Actinomycetes,Kitasatosporales,Streptomycetaceae
MITE0000189,active,BorJ,Amination,N/A,N/A,Aminotransferase,Replaces 12-C carbonyl with primary amine on the pre-borrelidin intermediate,Streptomyces parvulus,Bacteria,Bacillati,Actinomycetota,Actinomycetes,Kitasatosporales,Streptomycetaceae
MITE0000190,active,AurH,Oxidation,Heme,Fe,Cytochrome P450,Oxidation leads to furan-formation,Streptomyces thioluteus,Bacteria,Bacillati,Actinomycetota,Actinomycetes,Kitasatosporales,Streptomycetaceae
MITE0000191,active,PatG,Decarboxylation,N/A,Zn,Decarboxylase,Decarboxylation of 6-methylsalicylic in the patulin biosynthetic pathway,Penicillium expansum,Eukaryota,Fungi,Dikarya,Ascomycota,Pezizomycotina,Eurotiomycetes
MITE0000192,active,CtoA,Halogenation,FAD,N/A,Halogenase,Dichlorination of chlorotonil precursor.,Sorangium cellulosum,Bacteria,Pseudomonadati,Myxococcota,Polyangia,Polyangiales,Polyangiaceae
MITE0000193,active,AlbA,Dehydrogenation,Flavin mononucleotide,N/A,Cyclic dipeptide oxidase,Dehydrogenates cyclo(L-Phe-L-Leu) in the scope of the albonoursin biosynthetic pathway,Streptomyces noursei,Bacteria,Bacillati,Actinomycetota,Actinomycetes,Kitasatosporales,Streptomycetaceae
MITE0000194,active,PhoO,Biaryl bond formation,Heme,Fe,Cytochrome P450,PhoO dimerizes penexanthone B to phomoxanthone A,Diaporthe sp.,Not found,Not found,Not found,Not found,Not found,Not found
MITE0000195,active,HrmJ,Other,a-Ketoglutaric acid,N/A,Alpha-ketoglutarate-dependent dioxygenase ,cyclopropanation (nitronorleucine - nitrocyclopropylalanine),Streptomyces griseoflavus,Bacteria,Bacillati,Actinomycetota,Actinomycetes,Kitasatosporales,Streptomycetaceae
MITE0000196,active,HynE,Hydroxylation,a-Ketoglutaric acid,N/A,Alpha-ketoglutarate-dependent dioxygenase ,beta-hydroxylation of PCP-bound asparagine (anti),Lysobacter sp. K5869,Bacteria,Pseudomonadati,Pseudomonadota,Gammaproteobacteria,Lysobacterales,Lysobacteraceae
MITE0000197,active,HynC,Hydroxylation,N/A,Fe,Non-heme diiron monooxygenase,beta-hydroxylation of PCP-bound tyrosine (syn),Lysobacter sp. K5869,Bacteria,Pseudomonadati,Pseudomonadota,Gammaproteobacteria,Lysobacterales,Lysobacteraceae
MITE0000198,active,PyrH,Halogenation,Flavin mononucleotide,N/A,Flavin-dependent 5-halogenase,Chlorinates free-floating L-tryptophan exclusively in position 5,Streptomyces rugosporus,Bacteria,Bacillati,Actinomycetota,Actinomycetes,Kitasatosporales,Streptomycetaceae
MITE0000199,active,NodM,Oxidation,FAD,N/A,FAD-dependent monooxygenase,Single epoxidation,Hypoxylon pulicicidum,Eukaryota,Fungi,Dikarya,Ascomycota,Pezizomycotina,Sordariomycetes
MITE0000200,active,NodB,Cyclization,FAD,N/A,Terpene cyclase,Cyclization,Hypoxylon pulicicidum,Eukaryota,Fungi,Dikarya,Ascomycota,Pezizomycotina,Sordariomycetes
MITE0000201,active,NodW,Oxidation,Heme,Fe,Cytochrome P450,Oxidation terminal methyl,Hypoxylon pulicicidum,Eukaryota,Fungi,Dikarya,Ascomycota,Pezizomycotina,Sordariomycetes
MITE0000202,active,BraB,Glycosylation,N/A,N/A,Glycosyltransferase,Glycosylation,Annulohypoxylon truncatum,Eukaryota,Fungi,Dikarya,Ascomycota,Pezizomycotina,Sordariomycetes
MITE0000203,active,braC,Hydroxylation|Oxidation,Heme,Fe,Cytochrome P450,Hydroxylation at C-12,Annulohypoxylon truncatum,Eukaryota,Fungi,Dikarya,Ascomycota,Pezizomycotina,Sordariomycetes
MITE0000204,active,AoL1,Oxidation,N/A,N/A,Short-chain dehydrogenase/reductase,AoL1 is an SDR responsible for converting 8-hydroxy aristolochene to 8-oxo-aristolochene,Aspergillus oryzae (strain ATCC 42149 / RIB 40),Eukaryota,Fungi,Dikarya,Ascomycota,Pezizomycotina,Eurotiomycetes
MITE0000205,active,XhR1,Carboxylation|Hydroxylation,Heme,Fe,Cytochrome P450,Hydroxylation of isopropenyl side chain of aristolochene.,Xylaria hypoxylon,Eukaryota,Fungi,Dikarya,Ascomycota,Pezizomycotina,Sordariomycetes
MITE0000206,active,AoL4,Hydroxylation,Heme,Fe,Cytochrome P450,AoL4 is a P450 responsible for converting aristolochene to 8-hydroxy aristolochene,Aspergillus oryzae (strain ATCC 42149 / RIB 40),Eukaryota,Fungi,Dikarya,Ascomycota,Pezizomycotina,Eurotiomycetes
MITE0000207,active,LrcB1,Hydrolysis,N/A,N/A,Peptidase Subunit,"N-terminal cleavage of leader peptide, resulting in immature intermediate core peptide.",Paenibacillus sp. M2,Bacteria,Bacillati,Bacillota,Bacilli,Bacillales,Paenibacillaceae
MITE0000208,active,LrcF,Hydrolysis,N/A,N/A,"Peptidase, clostripain-family",C-terminal cleavage of glycin from lassopeptide,Paenibacillus sp. M2,Bacteria,Bacillati,Bacillota,Bacilli,Bacillales,Paenibacillaceae
MITE0000209,active,LrcC,Macrolactam formation,N/A,N/A,Macrolactam synthetase,Lassopeptide macrolactam formation after N-terminal cleavage,Paenibacillus sp. M2,Bacteria,Bacillati,Bacillota,Bacilli,Bacillales,Paenibacillaceae
MITE0000210,active,CheE,Monooxygenation,Heme,Fe,Cytochrome P450,Stereoselective epoxidation of the olefin at C6-7 in the chaetoglobosin A biosynthesis,Chaetomium globosum (strain ATCC 6205 / CBS 148.51 / DSM 1962 / NBRC 6347 / NRRL 1970),Eukaryota,Fungi,Dikarya,Ascomycota,Pezizomycotina,Sordariomycetes
MITE0000211,active,PyiA,Methylation,SAM,FeS,O-methyltransferase,Methylation of L-tyrosine,Pyricularia grisea,Eukaryota,Fungi,Dikarya,Ascomycota,Pezizomycotina,Sordariomycetes
MITE0000212,active,TalC,Glycosylation,N/A,N/A,Deoxysugar transferase,Glycosylation of phosphoramidon peptidic intermediate with L-rhamnose,Streptomyces mozunensis,Bacteria,Bacillati,Actinomycetota,Actinomycetes,Kitasatosporales,Streptomycetaceae
MITE0000213,active,TalE,Phosphorylation,N/A,Mg,Kinase, Install an N-terminal phosphoramidate on peptidic substrate,Streptomyces mozunensis,Bacteria,Bacillati,Actinomycetota,Actinomycetes,Kitasatosporales,Streptomycetaceae
MITE0000214,active,LsGAO1,Oxidation,Heme,Fe,cytochrome P450,Converts germacrene A to germacrene A acid via three-step oxidation,Lactuca sativa,Eukaryota,Viridiplantae,Streptophyta,Embryophyta,Tracheophyta,Spermatophyta
MITE0000215,active,CiLCS ,Hydroxylation,Heme,Fe,Cytochrome P450,Converts 8-deoxylactucin to lactucin,Not found,Not found,Not found,Not found,Not found,Not found,Not found
MITE0000216,active,ShyB,Biaryl bond formation,Heme,Fe,Cytochrome P450,Biaryl bond formation between H-Y,Not found,Not found,Not found,Not found,Not found,Not found,Not found
